edge_id,from_id,to_id,corridor,route_via,connection_type,transfer_note,source_url,real_minutes,game_ticks,game_minutes,status,service_profile,internal_transfer_ticks,base_real_seconds_no_pause,uncertainty,calibration_source_url,design_note
e001,s003,s002,函館本線,,single_corridor_abstract,按真实铁路走廊省略中间站；是否换车依选定班次，未承诺一车直达,https://www.jrhokkaido.co.jp/global/pdf/e-accessibility-map.pdf,,1,15,design_estimate_unvalidated,conventional_express_or_rapid,0,2,medium,https://www.jrhokkaido.co.jp/CM/Info/press/pdf/20241213_KO_kaisei.pdf,以道南特急短区间量级取1刻；普通列车或函馆Liner的服务时间需另建
e002,s002,s004,函館本線,,single_corridor_abstract,按真实铁路走廊省略中间站；是否换车依选定班次，未承诺一车直达,https://www.jrhokkaido.co.jp/global/pdf/e-accessibility-map.pdf,,5,75,design_estimate_unvalidated,conventional_express_or_rapid,0,10,medium,https://www.jrhokkaido.co.jp/CM/Info/press/pdf/20241213_KO_kaisei.pdf,道南长距离在来线，采用特急方向量级，非全停普通列车
e003,s004,s005,室蘭本線・千歳線,東室蘭・苫小牧・沼ノ端,multi_corridor_abstract,按真实铁路走廊省略中间站；是否换车依选定班次，未承诺一车直达,https://www.jrhokkaido.co.jp/global/pdf/e-accessibility-map.pdf,,7,105,design_estimate_unvalidated,conventional_express_or_rapid,0,14,medium,https://www.jrhokkaido.co.jp/CM/Info/press/pdf/20241213_KO_kaisei.pdf,经东室兰的长距离走廊；不使用札幌新干线或长万部直线捷径
e004,s005,s001,千歳線・函館本線,白石,multi_corridor_abstract,按真实铁路走廊省略中间站；是否换车依选定班次，未承诺一车直达,https://www.jrhokkaido.co.jp/global/pdf/e-accessibility-map.pdf,,2,30,design_estimate_unvalidated,conventional_express_or_rapid,0,4,medium,https://www.jrhokkaido.co.jp/CM/Info/press/pdf/20241213_KO_kaisei.pdf,札幌都市圈快速／特急方向量级
e005,s001,s006,函館本線,,single_corridor_abstract,按真实铁路走廊省略中间站；是否换车依选定班次，未承诺一车直达,https://www.jrhokkaido.co.jp/global/pdf/e-accessibility-map.pdf,,6,90,design_estimate_unvalidated,conventional_express_or_rapid,0,12,medium,https://www.jrhokkaido.co.jp/CM/Info/press/pdf/20241213_KO_kaisei.pdf,札幌至旭川的特急量级
e006,s006,s007,宗谷本線,名寄,single_corridor_abstract,按真实铁路走廊省略中间站；是否换车依选定班次，未承诺一车直达,https://www.jrhokkaido.co.jp/global/pdf/e-accessibility-map.pdf,,15,225,design_estimate_unvalidated,conventional_express_or_rapid,0,30,high,,宗谷长途保留15刻；低班次等待尚未建模
e007,s006,s008,宗谷本線・石北本線,新旭川・遠軽・北見,multi_corridor_abstract,按真实铁路走廊省略中间站；是否换车依选定班次，未承诺一车直达,https://www.jrhokkaido.co.jp/global/pdf/e-accessibility-map.pdf,,15,225,design_estimate_unvalidated,conventional_express_or_rapid,0,30,high,https://www.jrhokkaido.co.jp/CM/Info/press/pdf/20241213_KO_kaisei.pdf,石北山地长途保留15刻；快慢车差异较大
e008,s008,s010,釧網本線・根室本線,東釧路,multi_corridor_abstract,按真实铁路走廊省略中间站；是否换车依选定班次，未承诺一车直达,https://www.jrhokkaido.co.jp/global/pdf/e-accessibility-map.pdf,,14,210,design_estimate_unvalidated,regional_connection,0,28,high,,钏网地方线长途保留14刻；班次间隔与中途换车风险另行校准
e009,s005,s009,石勝線・根室本線,新得,multi_corridor_abstract,按真实铁路走廊省略中间站；是否换车依选定班次，未承诺一车直达,https://www.jrhokkaido.co.jp/global/pdf/e-accessibility-map.pdf,,8,120,design_estimate_unvalidated,conventional_express_or_rapid,0,16,medium,https://www.jrhokkaido.co.jp/CM/Info/press/pdf/20241213_KO_kaisei.pdf,经石胜线到带广的特急方向量级
e010,s009,s010,根室本線,,single_corridor_abstract,按真实铁路走廊省略中间站；是否换车依选定班次，未承诺一车直达,https://www.jrhokkaido.co.jp/global/pdf/e-accessibility-map.pdf,,6,90,design_estimate_unvalidated,conventional_express_or_rapid,0,12,medium,https://www.jrhokkaido.co.jp/CM/Info/press/pdf/20241213_KO_kaisei.pdf,道东在来线长距离特急方向量级
e011,s002,s011,北海道新幹線,木古内・奥津軽いまべつ,single_corridor_abstract,按真实铁路走廊省略中间站；是否换车依选定班次，未承诺一车直达,https://www.jrhokkaido.co.jp/global/pdf/e-accessibility-map.pdf,,4,60,design_estimate_unvalidated,shinkansen_corridor,0,8,medium,https://www.jrhokkaido.co.jp/train/shinkansen.html,官方2024介绍列最速57分，用4刻作初始量级，不当作当前具体班次
e012,s012,s011,奥羽本線,,single_corridor_abstract,按真实铁路走廊省略中间站；是否换车依选定班次，未承诺一车直达,https://www.jreast.co.jp/map/pdf/tohoku.pdf,,1,15,design_estimate_unvalidated,conventional_express_or_rapid,0,2,medium,,设计者按走廊及旅程数量级给出的首轮估算；未逐班核验，未包含游戏站停靠或边际换乘
e013,s011,s013,奥羽本線,,single_corridor_abstract,按真实铁路走廊省略中间站；是否换车依选定班次，未承诺一车直达,https://www.jreast.co.jp/map/pdf/tohoku.pdf,,2,30,design_estimate_unvalidated,conventional_express_or_rapid,0,4,medium,,设计者按走廊及旅程数量级给出的首轮估算；未逐班核验，未包含游戏站停靠或边际换乘
e014,s013,s017,奥羽本線,,single_corridor_abstract,按真实铁路走廊省略中间站；是否换车依选定班次，未承诺一车直达,https://www.jreast.co.jp/map/pdf/tohoku.pdf,,3,45,design_estimate_unvalidated,conventional_express_or_rapid,0,6,medium,,设计者按走廊及旅程数量级给出的首轮估算；未逐班核验，未包含游戏站停靠或边际换乘
e015,s017,s016,奥羽本線,,single_corridor_abstract,按真实铁路走廊省略中间站；是否换车依选定班次，未承诺一车直达,https://www.jreast.co.jp/map/pdf/tohoku.pdf,,5,75,design_estimate_unvalidated,conventional_express_or_rapid,0,10,medium,,设计者按走廊及旅程数量级给出的首轮估算；未逐班核验，未包含游戏站停靠或边际换乘
e016,s011,s014,東北新幹線,,single_corridor_abstract,按真实铁路走廊省略中间站；是否换车依选定班次，未承诺一车直达,https://www.jreast.co.jp/map/pdf/tohoku.pdf,,2,30,design_estimate_unvalidated,shinkansen_corridor,0,4,medium,,设计者按走廊及旅程数量级给出的首轮估算；未逐班核验，未包含游戏站停靠或边际换乘
e017,s014,s015,東北新幹線,,single_corridor_abstract,按真实铁路走廊省略中间站；是否换车依选定班次，未承诺一车直达,https://www.jreast.co.jp/map/pdf/tohoku.pdf,,2,30,design_estimate_unvalidated,shinkansen_corridor,0,4,medium,,设计者按走廊及旅程数量级给出的首轮估算；未逐班核验，未包含游戏站停靠或边际换乘
e018,s015,s018,東北新幹線,,single_corridor_abstract,按真实铁路走廊省略中间站；是否换车依选定班次，未承诺一车直达,https://www.jreast.co.jp/map/pdf/tohoku.pdf,,3,45,design_estimate_unvalidated,shinkansen_corridor,0,6,medium,,设计者按走廊及旅程数量级给出的首轮估算；未逐班核验，未包含游戏站停靠或边际换乘
e019,s018,s020,東北新幹線,,single_corridor_abstract,按真实铁路走廊省略中间站；是否换车依选定班次，未承诺一车直达,https://www.jreast.co.jp/map/pdf/tohoku.pdf,,2,30,design_estimate_unvalidated,shinkansen_corridor,0,4,medium,,设计者按走廊及旅程数量级给出的首轮估算；未逐班核验，未包含游戏站停靠或边际换乘
e020,s020,s021,東北新幹線,,single_corridor_abstract,按真实铁路走廊省略中间站；是否换车依选定班次，未承诺一车直达,https://www.jreast.co.jp/map/pdf/tohoku.pdf,,1,15,design_estimate_unvalidated,shinkansen_corridor,0,2,medium,,设计者按走廊及旅程数量级给出的首轮估算；未逐班核验，未包含游戏站停靠或边际换乘
e021,s021,s028,東北新幹線,,single_corridor_abstract,按真实铁路走廊省略中间站；是否换车依选定班次，未承诺一车直达,https://www.jreast.co.jp/map/pdf/tohoku.pdf,,2,30,design_estimate_unvalidated,shinkansen_corridor,0,4,medium,,设计者按走廊及旅程数量级给出的首轮估算；未逐班核验，未包含游戏站停靠或边际换乘
e022,s028,s026,東北新幹線,,single_corridor_abstract,按真实铁路走廊省略中间站；是否换车依选定班次，未承诺一车直达,https://www.jreast.co.jp/map/pdf/tohoku.pdf,,2,30,design_estimate_unvalidated,shinkansen_corridor,0,4,medium,,设计者按走廊及旅程数量级给出的首轮估算；未逐班核验，未包含游戏站停靠或边际换乘
e023,s026,s024,東北新幹線,,single_corridor_abstract,按真实铁路走廊省略中间站；是否换车依选定班次，未承诺一车直达,https://www.jreast.co.jp/map/pdf/tohoku.pdf,,1,15,design_estimate_unvalidated,shinkansen_corridor,0,2,medium,,都市新干线短段按15分钟粒度取1刻；不是逐班19/20分钟核实值
e024,s024,s023,東北新幹線,,single_corridor_abstract,按真实铁路走廊省略中间站；是否换车依选定班次，未承诺一车直达,https://www.jreast.co.jp/map/pdf/tohoku.pdf,,1,15,design_estimate_unvalidated,shinkansen_corridor,0,2,medium,,设计者按走廊及旅程数量级给出的首轮估算；未逐班核验，未包含游戏站停靠或边际换乘
e025,s015,s016,田沢湖線・奥羽本線（秋田新幹線系統）,大曲,multi_corridor_abstract,按真实铁路走廊省略中间站；是否换车依选定班次，未承诺一车直达,https://www.jreast.co.jp/map/pdf/tohoku.pdf,,6,90,design_estimate_unvalidated,mini_shinkansen_conventional_corridor,0,12,medium,,虽属秋田新干线系統，按山地在来线量级而非高速干线统一速度估算
e026,s020,s019,奥羽本線（山形新幹線系統）,米沢,single_corridor_abstract,按真实铁路走廊省略中间站；是否换车依选定班次，未承诺一车直达,https://www.jreast.co.jp/map/pdf/tohoku.pdf,,5,75,design_estimate_unvalidated,mini_shinkansen_conventional_corridor,0,10,medium,,虽属山形新干线系統，按在来线山地走廊量级估算
e027,s018,s019,仙山線・奥羽本線,羽前千歳,multi_corridor_abstract,按真实铁路走廊省略中间站；是否换车依选定班次，未承诺一车直达,https://www.jreast.co.jp/map/pdf/tohoku.pdf,,5,75,design_estimate_unvalidated,conventional_express_or_rapid,0,10,medium,,设计者按走廊及旅程数量级给出的首轮估算；未逐班核验，未包含游戏站停靠或边际换乘
e028,s021,s022,磐越東線,,single_corridor_abstract,按真实铁路走廊省略中间站；是否换车依选定班次，未承诺一车直达,https://www.jreast.co.jp/map/pdf/tohoku.pdf,,7,105,design_estimate_unvalidated,regional_connection,0,14,high,,设计者按走廊及旅程数量级给出的首轮估算；未逐班核验，未包含游戏站停靠或边际换乘
e029,s018,s022,東北本線・常磐線,岩沼・原ノ町,multi_corridor_abstract,按真实铁路走廊省略中间站；是否换车依选定班次，未承诺一车直达,https://www.jreast.co.jp/map/pdf/tohoku.pdf,,8,120,design_estimate_unvalidated,conventional_express_or_rapid,0,16,high,,设计者按走廊及旅程数量级给出的首轮估算；未逐班核验，未包含游戏站停靠或边际换乘
e030,s022,s029,常磐線,,single_corridor_abstract,按真实铁路走廊省略中间站；是否换车依选定班次，未承诺一车直达,https://www.jreast.co.jp/map/pdf/tohoku.pdf,,4,60,design_estimate_unvalidated,conventional_express_or_rapid,0,8,medium,,设计者按走廊及旅程数量级给出的首轮估算；未逐班核验，未包含游戏站停靠或边际换乘
e031,s029,s024,常磐線・東北本線,日暮里,multi_corridor_abstract,按真实铁路走廊省略中间站；是否换车依选定班次，未承诺一车直达,https://www.jreast.co.jp/map/pdf/tohoku.pdf | https://www.jreast.co.jp/map/pdf/tokyo.pdf,,5,75,design_estimate_unvalidated,conventional_express_or_rapid,0,10,medium,,设计者按走廊及旅程数量级给出的首轮估算；未逐班核验，未包含游戏站停靠或边际换乘
e032,s023,s035,東海道新幹線・東海道本線,,parallel_corridors_abstract,同站对存在新干线与在来线走廊；原型基础采用新干线量级，在来线须另设服务时间；不要求本段换乘,https://www.jreast.co.jp/map/pdf/tokyo.pdf | https://company.jr-central.co.jp/ir/financial-statements/detail/_pdf/000042110.pdf | https://railway.jr-central.co.jp/pwd/_pdf/N700S-every.pdf,,1,15,design_estimate_unvalidated,parallel_corridors_shinkansen_default,0,2,medium,,同站对平行走廊，本原型选新干线基准；不得用同一时间宣称在来线和新干线完全等价
e033,s035,s032,東海道本線,,single_corridor_abstract,按真实铁路走廊省略中间站；是否换车依选定班次，未承诺一车直达,https://www.jreast.co.jp/map/pdf/tokyo.pdf | https://company.jr-central.co.jp/ir/financial-statements/detail/_pdf/000042110.pdf,,2,30,design_estimate_unvalidated,conventional_express_or_rapid,0,4,medium,,设计者按走廊及旅程数量级给出的首轮估算；未逐班核验，未包含游戏站停靠或边际换乘
e034,s032,s034,東海道本線,,single_corridor_abstract,按真实铁路走廊省略中间站；是否换车依选定班次，未承诺一车直达,https://www.jreast.co.jp/map/pdf/tokyo.pdf | https://company.jr-central.co.jp/ir/financial-statements/detail/_pdf/000042110.pdf,,4,60,design_estimate_unvalidated,conventional_express_or_rapid,0,8,medium,,设计者按走廊及旅程数量级给出的首轮估算；未逐班核验，未包含游戏站停靠或边际换乘
e035,s034,s050,東海道新幹線・東海道本線,,parallel_corridors_abstract,同站对存在新干线与在来线走廊；原型基础采用新干线量级，在来线须另设服务时间；不要求本段换乘,https://www.jreast.co.jp/map/pdf/tokyo.pdf | https://company.jr-central.co.jp/ir/financial-statements/detail/_pdf/000042110.pdf | https://railway.jr-central.co.jp/pwd/_pdf/N700S-every.pdf,,1,15,design_estimate_unvalidated,parallel_corridors_shinkansen_default,0,2,medium,,已修复为平行走廊集合；本原型选新干线15分钟粒度，不需要在小田原/热海虚构强制换乘
e036,s035,s033,東海道新幹線,,single_corridor_abstract,按真实铁路走廊省略中间站；是否换车依选定班次，未承诺一车直达,https://company.jr-central.co.jp/ir/financial-statements/detail/_pdf/000042110.pdf,,1,15,design_estimate_unvalidated,shinkansen_corridor,0,2,medium,,设计者按走廊及旅程数量级给出的首轮估算；未逐班核验，未包含游戏站停靠或边际换乘
e037,s033,s034,東海道新幹線,,single_corridor_abstract,按真实铁路走廊省略中间站；是否换车依选定班次，未承诺一车直达,https://company.jr-central.co.jp/ir/financial-statements/detail/_pdf/000042110.pdf,,1,15,design_estimate_unvalidated,shinkansen_corridor,0,2,medium,,设计者按走廊及旅程数量级给出的首轮估算；未逐班核验，未包含游戏站停靠或边际换乘
e038,s032,s033,東海道本線系統・横浜線,東神奈川,multi_corridor_abstract,东神奈川可能换车；按所选班次确定,https://www.jreast.co.jp/map/pdf/tokyo.pdf,,3,45,design_estimate_unvalidated,conventional_express_or_rapid,1,6,high,,共3刻，其中1刻为原型内部接续余量；实际也存在不同直通方式
e039,s023,s025,中央本線,御茶ノ水,single_corridor_abstract,按真实铁路走廊省略中间站；是否换车依选定班次，未承诺一车直达,https://www.jreast.co.jp/map/pdf/tokyo.pdf,,1,15,design_estimate_unvalidated,conventional_express_or_rapid,0,2,medium,,设计者按走廊及旅程数量级给出的首轮估算；未逐班核验，未包含游戏站停靠或边际换乘
e040,s025,s035,山手線系統,渋谷,single_corridor_abstract,按真实铁路走廊省略中间站；是否换车依选定班次，未承诺一车直达,https://www.jreast.co.jp/map/pdf/tokyo.pdf,,2,30,design_estimate_unvalidated,conventional_express_or_rapid,0,4,medium,,设计者按走廊及旅程数量级给出的首轮估算；未逐班核验，未包含游戏站停靠或边际换乘
e041,s025,s026,埼京線系統,池袋・赤羽,single_corridor_abstract,按真实铁路走廊省略中间站；是否换车依选定班次，未承诺一车直达,https://www.jreast.co.jp/map/pdf/tokyo.pdf,,3,45,design_estimate_unvalidated,conventional_express_or_rapid,0,6,medium,,设计者按走廊及旅程数量级给出的首轮估算；未逐班核验，未包含游戏站停靠或边际换乘
e042,s023,s030,総武本線系統,錦糸町,single_corridor_abstract,按真实铁路走廊省略中间站；是否换车依选定班次，未承诺一车直达,https://www.jreast.co.jp/map/pdf/tokyo.pdf,,3,45,design_estimate_unvalidated,conventional_express_or_rapid,0,6,medium,,设计者按走廊及旅程数量级给出的首轮估算；未逐班核验，未包含游戏站停靠或边际换乘
e043,s030,s031,総武本線・成田線,佐倉,multi_corridor_abstract,按真实铁路走廊省略中间站；是否换车依选定班次，未承诺一车直达,https://www.jreast.co.jp/map/pdf/tokyo.pdf,,3,45,design_estimate_unvalidated,conventional_express_or_rapid,0,6,medium,,设计者按走廊及旅程数量级给出的首轮估算；未逐班核验，未包含游戏站停靠或边际换乘
e044,s026,s027,上越新幹線,,single_corridor_abstract,按真实铁路走廊省略中间站；是否换车依选定班次，未承诺一车直达,https://www.jreast.co.jp/map/pdf/kanto.pdf,,2,30,design_estimate_unvalidated,shinkansen_corridor,0,4,medium,,设计者按走廊及旅程数量级给出的首轮估算；未逐班核验，未包含游戏站停靠或边际换乘
e045,s027,s043,上越新幹線,,single_corridor_abstract,按真实铁路走廊省略中间站；是否换车依选定班次，未承诺一车直达,https://www.jreast.co.jp/map/pdf/kanto.pdf,,2,30,design_estimate_unvalidated,shinkansen_corridor,0,4,medium,,设计者按走廊及旅程数量级给出的首轮估算；未逐班核验，未包含游戏站停靠或边际换乘
e046,s043,s042,上越新幹線,,single_corridor_abstract,按真实铁路走廊省略中间站；是否换车依选定班次，未承诺一车直达,https://www.jreast.co.jp/map/pdf/kanto.pdf,,2,30,design_estimate_unvalidated,shinkansen_corridor,0,4,medium,,设计者按走廊及旅程数量级给出的首轮估算；未逐班核验，未包含游戏站停靠或边际换乘
e047,s042,s041,上越新幹線,,single_corridor_abstract,按真实铁路走廊省略中间站；是否换车依选定班次，未承诺一车直达,https://www.jreast.co.jp/map/pdf/kanto.pdf,,2,30,design_estimate_unvalidated,shinkansen_corridor,0,4,medium,,设计者按走廊及旅程数量级给出的首轮估算；未逐班核验，未包含游戏站停靠或边际换乘
e048,s027,s040,北陸新幹線,,single_corridor_abstract,按真实铁路走廊省略中间站；是否换车依选定班次，未承诺一车直达,https://www.jreast.co.jp/map/pdf/kanto.pdf | https://www.jr-odekake.net/railroad/route/files/route_kinki.pdf,,1,15,design_estimate_unvalidated,shinkansen_corridor,0,2,medium,,设计者按走廊及旅程数量级给出的首轮估算；未逐班核验，未包含游戏站停靠或边际换乘
e049,s040,s039,北陸新幹線,,single_corridor_abstract,按真实铁路走廊省略中间站；是否换车依选定班次，未承诺一车直达,https://www.jreast.co.jp/map/pdf/kanto.pdf | https://www.jr-odekake.net/railroad/route/files/route_kinki.pdf,,2,30,design_estimate_unvalidated,shinkansen_corridor,0,4,medium,,设计者按走廊及旅程数量级给出的首轮估算；未逐班核验，未包含游戏站停靠或边际换乘
e050,s039,s044,北陸新幹線,,single_corridor_abstract,按真实铁路走廊省略中间站；是否换车依选定班次，未承诺一车直达,https://www.jreast.co.jp/map/pdf/kanto.pdf | https://www.jr-odekake.net/railroad/route/files/route_kinki.pdf,,1,15,design_estimate_unvalidated,shinkansen_corridor,0,2,medium,,设计者按走廊及旅程数量级给出的首轮估算；未逐班核验，未包含游戏站停靠或边际换乘
e051,s044,s045,北陸新幹線,,single_corridor_abstract,按真实铁路走廊省略中间站；是否换车依选定班次，未承诺一车直达,https://www.jreast.co.jp/map/pdf/kanto.pdf | https://www.jr-odekake.net/railroad/route/files/route_kinki.pdf,,1,15,design_estimate_unvalidated,shinkansen_corridor,0,2,medium,,设计者按走廊及旅程数量级给出的首轮估算；未逐班核验，未包含游戏站停靠或边际换乘
e052,s045,s046,北陸新幹線,,single_corridor_abstract,按真实铁路走廊省略中间站；是否换车依选定班次，未承诺一车直达,https://www.jreast.co.jp/map/pdf/kanto.pdf | https://www.jr-odekake.net/railroad/route/files/route_kinki.pdf,,2,30,design_estimate_unvalidated,shinkansen_corridor,0,4,medium,,设计者按走廊及旅程数量级给出的首轮估算；未逐班核验，未包含游戏站停靠或边际换乘
e053,s046,s047,北陸新幹線,,single_corridor_abstract,按真实铁路走廊省略中间站；是否换车依选定班次，未承诺一车直达,https://www.jreast.co.jp/map/pdf/kanto.pdf | https://www.jr-odekake.net/railroad/route/files/route_kinki.pdf,,1,15,design_estimate_unvalidated,shinkansen_corridor,0,2,medium,,设计者按走廊及旅程数量级给出的首轮估算；未逐班核验，未包含游戏站停靠或边际换乘
e054,s047,s048,北陸新幹線,,single_corridor_abstract,按真实铁路走廊省略中间站；是否换车依选定班次，未承诺一车直达,https://www.jreast.co.jp/map/pdf/kanto.pdf | https://www.jr-odekake.net/railroad/route/files/route_kinki.pdf,,2,30,design_estimate_unvalidated,shinkansen_corridor,0,4,medium,,设计者按走廊及旅程数量级给出的首轮估算；未逐班核验，未包含游戏站停靠或边际换乘
e055,s048,s049,北陸新幹線,,single_corridor_abstract,按真实铁路走廊省略中间站；是否换车依选定班次，未承诺一车直达,https://www.jreast.co.jp/map/pdf/kanto.pdf | https://www.jr-odekake.net/railroad/route/files/route_kinki.pdf,,1,15,design_estimate_unvalidated,shinkansen_corridor,0,2,medium,,设计者按走廊及旅程数量级给出的首轮估算；未逐班核验，未包含游戏站停靠或边际换乘
e056,s042,s044,信越本線・えちごトキめき鉄道妙高はねうまライン,直江津,multi_corridor_abstract,途经越后心跳铁道；普通列车可能在直江津换乘，不把全段标成JR线,https://www.jreast.co.jp/map/pdf/kanto.pdf | https://japanrailpass.net/en/about_jrp/route/,,5,75,design_estimate_unvalidated,conventional_express_or_rapid,1,10,high,,共5刻，其中1刻为原型内部接续余量；不是声称所有白雪号都需换乘
e057,s039,s037,信越本線・篠ノ井線,篠ノ井,multi_corridor_abstract,按真实铁路走廊省略中间站；是否换车依选定班次，未承诺一车直达,https://www.jreast.co.jp/map/pdf/kanto.pdf,,4,60,design_estimate_unvalidated,conventional_express_or_rapid,0,8,medium,,设计者按走廊及旅程数量级给出的首轮估算；未逐班核验，未包含游戏站停靠或边际换乘
e058,s037,s038,篠ノ井線,,single_corridor_abstract,按真实铁路走廊省略中间站；是否换车依选定班次，未承诺一车直达,https://www.jreast.co.jp/map/pdf/kanto.pdf,,1,15,design_estimate_unvalidated,conventional_express_or_rapid,0,2,medium,,设计者按走廊及旅程数量级给出的首轮估算；未逐班核验，未包含游戏站停靠或边际换乘
e059,s038,s036,中央本線,,single_corridor_abstract,按真实铁路走廊省略中间站；是否换车依选定班次，未承诺一车直达,https://www.jreast.co.jp/map/pdf/kanto.pdf,,5,75,design_estimate_unvalidated,conventional_express_or_rapid,0,10,medium,,设计者按走廊及旅程数量级给出的首轮估算；未逐班核验，未包含游戏站停靠或边际换乘
e060,s036,s025,中央本線,,single_corridor_abstract,按真实铁路走廊省略中间站；是否换车依选定班次，未承诺一车直达,https://www.jreast.co.jp/map/pdf/kanto.pdf,,6,90,design_estimate_unvalidated,conventional_express_or_rapid,0,12,medium,,设计者按走廊及旅程数量级给出的首轮估算；未逐班核验，未包含游戏站停靠或边际换乘
e061,s055,s038,中央本線,中津川・木曽福島,single_corridor_abstract,按真实铁路走廊省略中间站；是否换车依选定班次，未承诺一车直达,https://company.jr-central.co.jp/ir/financial-statements/detail/_pdf/000042110.pdf,,8,120,design_estimate_unvalidated,conventional_express_or_rapid,0,16,medium,,设计者按走廊及旅程数量级给出的首轮估算；未逐班核验，未包含游戏站停靠或边际换乘
e062,s050,s051,東海道新幹線,,single_corridor_abstract,按真实铁路走廊省略中间站；是否换车依选定班次，未承诺一车直达,https://company.jr-central.co.jp/ir/financial-statements/detail/_pdf/000042110.pdf | https://www.jr-odekake.net/railroad/route/files/route_kinki.pdf,,1,15,design_estimate_unvalidated,shinkansen_corridor,0,2,medium,,设计者按走廊及旅程数量级给出的首轮估算；未逐班核验，未包含游戏站停靠或边际换乘
e063,s051,s052,東海道新幹線,,single_corridor_abstract,按真实铁路走廊省略中间站；是否换车依选定班次，未承诺一车直达,https://company.jr-central.co.jp/ir/financial-statements/detail/_pdf/000042110.pdf | https://www.jr-odekake.net/railroad/route/files/route_kinki.pdf,,1,15,design_estimate_unvalidated,shinkansen_corridor,0,2,medium,,设计者按走廊及旅程数量级给出的首轮估算；未逐班核验，未包含游戏站停靠或边际换乘
e064,s052,s053,東海道新幹線,,single_corridor_abstract,按真实铁路走廊省略中间站；是否换车依选定班次，未承诺一车直达,https://company.jr-central.co.jp/ir/financial-statements/detail/_pdf/000042110.pdf | https://www.jr-odekake.net/railroad/route/files/route_kinki.pdf,,2,30,design_estimate_unvalidated,shinkansen_corridor,0,4,medium,,设计者按走廊及旅程数量级给出的首轮估算；未逐班核验，未包含游戏站停靠或边际换乘
e065,s053,s054,東海道新幹線,,single_corridor_abstract,按真实铁路走廊省略中间站；是否换车依选定班次，未承诺一车直达,https://company.jr-central.co.jp/ir/financial-statements/detail/_pdf/000042110.pdf | https://www.jr-odekake.net/railroad/route/files/route_kinki.pdf,,1,15,design_estimate_unvalidated,shinkansen_corridor,0,2,medium,,设计者按走廊及旅程数量级给出的首轮估算；未逐班核验，未包含游戏站停靠或边际换乘
e066,s054,s055,東海道新幹線,,single_corridor_abstract,按真实铁路走廊省略中间站；是否换车依选定班次，未承诺一车直达,https://company.jr-central.co.jp/ir/financial-statements/detail/_pdf/000042110.pdf | https://www.jr-odekake.net/railroad/route/files/route_kinki.pdf,,1,15,design_estimate_unvalidated,shinkansen_corridor,0,2,medium,,设计者按走廊及旅程数量级给出的首轮估算；未逐班核验，未包含游戏站停靠或边际换乘
e067,s055,s059,東海道新幹線,,single_corridor_abstract,按真实铁路走廊省略中间站；是否换车依选定班次，未承诺一车直达,https://company.jr-central.co.jp/ir/financial-statements/detail/_pdf/000042110.pdf | https://www.jr-odekake.net/railroad/route/files/route_kinki.pdf,,2,30,design_estimate_unvalidated,shinkansen_corridor,0,4,medium,,设计者按走廊及旅程数量级给出的首轮估算；未逐班核验，未包含游戏站停靠或边际换乘
e068,s059,s060,東海道新幹線,,single_corridor_abstract,按真实铁路走廊省略中间站；是否换车依选定班次，未承诺一车直达,https://company.jr-central.co.jp/ir/financial-statements/detail/_pdf/000042110.pdf | https://www.jr-odekake.net/railroad/route/files/route_kinki.pdf,,1,15,design_estimate_unvalidated,shinkansen_corridor,0,2,medium,,设计者按走廊及旅程数量级给出的首轮估算；未逐班核验，未包含游戏站停靠或边际换乘
e069,s060,s061,東海道新幹線,,single_corridor_abstract,按真实铁路走廊省略中间站；是否换车依选定班次，未承诺一车直达,https://company.jr-central.co.jp/ir/financial-statements/detail/_pdf/000042110.pdf | https://www.jr-odekake.net/railroad/route/files/route_kinki.pdf,,1,15,design_estimate_unvalidated,shinkansen_corridor,0,2,medium,,设计者按走廊及旅程数量级给出的首轮估算；未逐班核验，未包含游戏站停靠或边际换乘
e070,s055,s056,東海道本線,,single_corridor_abstract,按真实铁路走廊省略中间站；是否换车依选定班次，未承诺一车直达,https://company.jr-central.co.jp/ir/financial-statements/detail/_pdf/000042110.pdf | https://www.jr-odekake.net/railroad/route/files/route_kinki.pdf,,2,30,design_estimate_unvalidated,conventional_express_or_rapid,0,4,medium,,设计者按走廊及旅程数量级给出的首轮估算；未逐班核验，未包含游戏站停靠或边际换乘
e071,s056,s059,東海道本線,,single_corridor_abstract,按真实铁路走廊省略中间站；是否换车依选定班次，未承诺一车直达,https://company.jr-central.co.jp/ir/financial-statements/detail/_pdf/000042110.pdf | https://www.jr-odekake.net/railroad/route/files/route_kinki.pdf,,3,45,design_estimate_unvalidated,conventional_express_or_rapid,0,6,medium,,设计者按走廊及旅程数量级给出的首轮估算；未逐班核验，未包含游戏站停靠或边际换乘
e072,s056,s057,高山本線,,single_corridor_abstract,按真实铁路走廊省略中间站；是否换车依选定班次，未承诺一车直达,https://company.jr-central.co.jp/ir/financial-statements/detail/_pdf/000042110.pdf | https://www.jr-odekake.net/railroad/route/files/route_kinki.pdf,,8,120,design_estimate_unvalidated,conventional_express_or_rapid,0,16,high,,高山本线山地特急方向量级；不能视为新干线
e073,s057,s046,高山本線,,single_corridor_abstract,按真实铁路走廊省略中间站；是否换车依选定班次，未承诺一车直达,https://company.jr-central.co.jp/ir/financial-statements/detail/_pdf/000042110.pdf | https://www.jr-odekake.net/railroad/route/files/route_kinki.pdf,,6,90,design_estimate_unvalidated,conventional_express_or_rapid,0,12,high,,高山至富山山地在来线量级；普通列车与接续需另分服务
e074,s049,s060,北陸本線・湖西線・東海道本線,近江塩津・山科,multi_corridor_abstract,接续北陆新干线时必须在敦贺换乘；本边经湖西线,https://www.jr-odekake.net/railroad/route/files/route_kinki.pdf | https://eki.jr-odekake.net/premises?id=0541413,,4,60,design_estimate_unvalidated,conventional_express_or_rapid,0,8,medium,,本边4刻为敦贺至京都在来线量级；从北陆新干线接续时另在票内计1刻换乘，勿重复
e075,s049,s059,北陸本線,近江塩津,single_corridor_abstract,接续北陆新干线时必须在敦贺换乘；与京都方向区分,https://www.jr-odekake.net/railroad/route/files/route_kinki.pdf | https://eki.jr-odekake.net/premises?id=0541413,,2,30,design_estimate_unvalidated,conventional_express_or_rapid,0,4,medium,,本边2刻为敦贺至米原在来线量级；从北陆新干线接续时另在票内计1刻换乘
e076,s055,s058,関西本線・伊勢鉄道線,四日市・河原田,multi_corridor_abstract,本边经伊势铁道，不能全标成JR线；依班次可能换车,https://company.jr-central.co.jp/ir/financial-statements/detail/_pdf/000042110.pdf | https://japanrailpass.net/en/about_jrp/route/,,4,60,design_estimate_unvalidated,conventional_express_or_rapid,0,8,high,,选择经伊势铁道的代表走廊；不包含所有可能普通列车换乘方案
e077,s058,s070,紀勢本線,多気,single_corridor_abstract,按真实铁路走廊省略中间站；是否换车依选定班次，未承诺一车直达,https://company.jr-central.co.jp/ir/financial-statements/detail/_pdf/000042110.pdf,,10,150,design_estimate_unvalidated,conventional_express_or_rapid,0,20,high,,纪伊半岛东侧长途，保留10刻
e078,s070,s065,紀勢本線（きのくに線）,紀伊田辺,single_corridor_abstract,按真实铁路走廊省略中间站；是否换车依选定班次，未承诺一车直达,https://www.jr-odekake.net/railroad/route/files/route_kinki.pdf,,12,180,design_estimate_unvalidated,conventional_express_or_rapid,0,24,high,,纪伊半岛西侧长途，保留12刻
e079,s065,s064,阪和線,,single_corridor_abstract,按真实铁路走廊省略中间站；是否换车依选定班次，未承诺一车直达,https://www.jr-odekake.net/railroad/route/files/route_osaka.pdf,,4,60,design_estimate_unvalidated,conventional_express_or_rapid,0,8,medium,,设计者按走廊及旅程数量级给出的首轮估算；未逐班核验，未包含游戏站停靠或边际换乘
e080,s064,s062,大阪環状線,,single_corridor_abstract,按真实铁路走廊省略中间站；是否换车依选定班次，未承诺一车直达,https://www.jr-odekake.net/railroad/route/files/route_osaka.pdf,,2,30,design_estimate_unvalidated,conventional_express_or_rapid,0,4,medium,,设计者按走廊及旅程数量级给出的首轮估算；未逐班核验，未包含游戏站停靠或边际换乘
e081,s062,s061,東海道本線（JR京都線）,,single_corridor_abstract,按真实铁路走廊省略中间站；是否换车依选定班次，未承诺一车直达,https://www.jr-odekake.net/railroad/route/files/route_osaka.pdf,,1,15,design_estimate_unvalidated,conventional_express_or_rapid,0,2,medium,,设计者按走廊及旅程数量级给出的首轮估算；未逐班核验，未包含游戏站停靠或边际换乘
e082,s061,s060,東海道本線（JR京都線）,,single_corridor_abstract,按真实铁路走廊省略中间站；是否换车依选定班次，未承诺一车直达,https://www.jr-odekake.net/railroad/route/files/route_osaka.pdf,,2,30,design_estimate_unvalidated,conventional_express_or_rapid,0,4,medium,,设计者按走廊及旅程数量级给出的首轮估算；未逐班核验，未包含游戏站停靠或边际换乘
e083,s060,s063,奈良線,,single_corridor_abstract,按真实铁路走廊省略中间站；是否换车依选定班次，未承诺一车直达,https://www.jr-odekake.net/railroad/route/files/route_osaka.pdf,,3,45,design_estimate_unvalidated,conventional_express_or_rapid,0,6,medium,,设计者按走廊及旅程数量级给出的首轮估算；未逐班核验，未包含游戏站停靠或边际换乘
e084,s063,s064,関西本線（大和路線）,,single_corridor_abstract,按真实铁路走廊省略中间站；是否换车依选定班次，未承诺一车直达,https://www.jr-odekake.net/railroad/route/files/route_osaka.pdf,,3,45,design_estimate_unvalidated,conventional_express_or_rapid,0,6,medium,,设计者按走廊及旅程数量级给出的首轮估算；未逐班核验，未包含游戏站停靠或边际换乘
e085,s060,s068,山陰本線,園部・綾部,single_corridor_abstract,按真实铁路走廊省略中间站；是否换车依选定班次，未承诺一车直达,https://www.jr-odekake.net/railroad/route/files/route_kinki.pdf,,5,75,design_estimate_unvalidated,conventional_express_or_rapid,0,10,high,,设计者按走廊及旅程数量级给出的首轮估算；未逐班核验，未包含游戏站停靠或边际换乘
e086,s062,s068,東海道本線・福知山線,尼崎,multi_corridor_abstract,按真实铁路走廊省略中间站；是否换车依选定班次，未承诺一车直达,https://www.jr-odekake.net/railroad/route/files/route_kinki.pdf | https://www.jr-odekake.net/railroad/route/files/route_osaka.pdf,,7,105,design_estimate_unvalidated,conventional_express_or_rapid,0,14,high,,设计者按走廊及旅程数量级给出的首轮估算；未逐班核验，未包含游戏站停靠或边际换乘
e087,s068,s069,山陰本線,,single_corridor_abstract,按真实铁路走廊省略中间站；是否换车依选定班次，未承诺一车直达,https://www.jr-odekake.net/railroad/route/files/route_kinki.pdf | https://www.jr-odekake.net/railroad/route/files/route_chushikoku.pdf,,4,60,design_estimate_unvalidated,conventional_express_or_rapid,0,8,medium,,设计者按走廊及旅程数量级给出的首轮估算；未逐班核验，未包含游戏站停靠或边际换乘
e088,s069,s076,山陰本線,,single_corridor_abstract,按真实铁路走廊省略中间站；是否换车依选定班次，未承诺一车直达,https://www.jr-odekake.net/railroad/route/files/route_kinki.pdf | https://www.jr-odekake.net/railroad/route/files/route_chushikoku.pdf,,10,150,design_estimate_unvalidated,regional_connection,1,20,high,,共10刻，其中1刻为地方线接续余量；城崎温泉至鸟取不是短距离新干线
e089,s076,s077,山陰本線,,single_corridor_abstract,按真实铁路走廊省略中间站；是否换车依选定班次，未承诺一车直达,https://www.jr-odekake.net/railroad/route/files/route_kinki.pdf | https://www.jr-odekake.net/railroad/route/files/route_chushikoku.pdf,,4,60,design_estimate_unvalidated,conventional_express_or_rapid,0,8,medium,,设计者按走廊及旅程数量级给出的首轮估算；未逐班核验，未包含游戏站停靠或边际换乘
e090,s077,s078,山陰本線,,single_corridor_abstract,按真实铁路走廊省略中间站；是否换车依选定班次，未承诺一车直达,https://www.jr-odekake.net/railroad/route/files/route_kinki.pdf | https://www.jr-odekake.net/railroad/route/files/route_chushikoku.pdf,,2,30,design_estimate_unvalidated,conventional_express_or_rapid,0,4,medium,,设计者按走廊及旅程数量级给出的首轮估算；未逐班核验，未包含游戏站停靠或边际换乘
e091,s078,s079,山陰本線,,single_corridor_abstract,按真实铁路走廊省略中间站；是否换车依选定班次，未承诺一车直达,https://www.jr-odekake.net/railroad/route/files/route_kinki.pdf | https://www.jr-odekake.net/railroad/route/files/route_chushikoku.pdf,,2,30,design_estimate_unvalidated,conventional_express_or_rapid,0,4,medium,,设计者按走廊及旅程数量级给出的首轮估算；未逐班核验，未包含游戏站停靠或边际换乘
e092,s079,s080,山陰本線,,single_corridor_abstract,按真实铁路走廊省略中间站；是否换车依选定班次，未承诺一车直达,https://www.jr-odekake.net/railroad/route/files/route_kinki.pdf | https://www.jr-odekake.net/railroad/route/files/route_chushikoku.pdf,,8,120,design_estimate_unvalidated,conventional_express_or_rapid,0,16,high,,设计者按走廊及旅程数量级给出的首轮估算；未逐班核验，未包含游戏站停靠或边际换乘
e093,s062,s066,東海道本線・山陽本線（JR神戸線）,神戸,multi_corridor_abstract,按真实铁路走廊省略中间站；是否换车依选定班次，未承诺一车直达,https://www.jr-odekake.net/railroad/route/files/route_kinki.pdf | https://www.jr-odekake.net/railroad/route/files/route_osaka.pdf,,4,60,design_estimate_unvalidated,conventional_express_or_rapid,0,8,medium,,设计者按走廊及旅程数量级给出的首轮估算；未逐班核验，未包含游戏站停靠或边际换乘
e094,s061,s067,山陽新幹線,,single_corridor_abstract,按真实铁路走廊省略中间站；是否换车依选定班次，未承诺一车直达,https://www.jr-odekake.net/railroad/route/files/route_kinki.pdf | https://www.jr-odekake.net/railroad/route/files/route_chushikoku.pdf | https://www.jrkyushu.co.jp/railway/routemap/routemap2601.pdf,,1,15,design_estimate_unvalidated,shinkansen_corridor,0,2,medium,,设计者按走廊及旅程数量级给出的首轮估算；未逐班核验，未包含游戏站停靠或边际换乘
e095,s067,s066,山陽新幹線,,single_corridor_abstract,按真实铁路走廊省略中间站；是否换车依选定班次，未承诺一车直达,https://www.jr-odekake.net/railroad/route/files/route_kinki.pdf | https://www.jr-odekake.net/railroad/route/files/route_chushikoku.pdf | https://www.jrkyushu.co.jp/railway/routemap/routemap2601.pdf,,1,15,design_estimate_unvalidated,shinkansen_corridor,0,2,medium,,设计者按走廊及旅程数量级给出的首轮估算；未逐班核验，未包含游戏站停靠或边际换乘
e096,s066,s071,山陽新幹線,,single_corridor_abstract,按真实铁路走廊省略中间站；是否换车依选定班次，未承诺一车直达,https://www.jr-odekake.net/railroad/route/files/route_kinki.pdf | https://www.jr-odekake.net/railroad/route/files/route_chushikoku.pdf | https://www.jrkyushu.co.jp/railway/routemap/routemap2601.pdf,,2,30,design_estimate_unvalidated,shinkansen_corridor,0,4,medium,,设计者按走廊及旅程数量级给出的首轮估算；未逐班核验，未包含游戏站停靠或边际换乘
e097,s071,s072,山陽新幹線,,single_corridor_abstract,按真实铁路走廊省略中间站；是否换车依选定班次，未承诺一车直达,https://www.jr-odekake.net/railroad/route/files/route_kinki.pdf | https://www.jr-odekake.net/railroad/route/files/route_chushikoku.pdf | https://www.jrkyushu.co.jp/railway/routemap/routemap2601.pdf,,1,15,design_estimate_unvalidated,shinkansen_corridor,0,2,medium,,设计者按走廊及旅程数量级给出的首轮估算；未逐班核验，未包含游戏站停靠或边际换乘
e098,s072,s073,山陽新幹線,,single_corridor_abstract,按真实铁路走廊省略中间站；是否换车依选定班次，未承诺一车直达,https://www.jr-odekake.net/railroad/route/files/route_kinki.pdf | https://www.jr-odekake.net/railroad/route/files/route_chushikoku.pdf | https://www.jrkyushu.co.jp/railway/routemap/routemap2601.pdf,,2,30,design_estimate_unvalidated,shinkansen_corridor,0,4,medium,,设计者按走廊及旅程数量级给出的首轮估算；未逐班核验，未包含游戏站停靠或边际换乘
e099,s073,s074,山陽新幹線,,single_corridor_abstract,按真实铁路走廊省略中间站；是否换车依选定班次，未承诺一车直达,https://www.jr-odekake.net/railroad/route/files/route_kinki.pdf | https://www.jr-odekake.net/railroad/route/files/route_chushikoku.pdf | https://www.jrkyushu.co.jp/railway/routemap/routemap2601.pdf,,2,30,design_estimate_unvalidated,shinkansen_corridor,0,4,medium,,设计者按走廊及旅程数量级给出的首轮估算；未逐班核验，未包含游戏站停靠或边际换乘
e100,s074,s087,山陽新幹線,,single_corridor_abstract,按真实铁路走廊省略中间站；是否换车依选定班次，未承诺一车直达,https://www.jr-odekake.net/railroad/route/files/route_kinki.pdf | https://www.jr-odekake.net/railroad/route/files/route_chushikoku.pdf | https://www.jrkyushu.co.jp/railway/routemap/routemap2601.pdf,,2,30,design_estimate_unvalidated,shinkansen_corridor,0,4,medium,,设计者按走廊及旅程数量级给出的首轮估算；未逐班核验，未包含游戏站停靠或边际换乘
e101,s087,s088,山陽新幹線,,single_corridor_abstract,按真实铁路走廊省略中间站；是否换车依选定班次，未承诺一车直达,https://www.jr-odekake.net/railroad/route/files/route_kinki.pdf | https://www.jr-odekake.net/railroad/route/files/route_chushikoku.pdf | https://www.jrkyushu.co.jp/railway/routemap/routemap2601.pdf,,1,15,design_estimate_unvalidated,shinkansen_corridor,0,2,medium,,设计者按走廊及旅程数量级给出的首轮估算；未逐班核验，未包含游戏站停靠或边际换乘
e102,s074,s075,山陽本線,宇部・厚狭,single_corridor_abstract,按真实铁路走廊省略中间站；是否换车依选定班次，未承诺一车直达,https://www.jr-odekake.net/railroad/route/files/route_chushikoku.pdf,,5,75,design_estimate_unvalidated,conventional_express_or_rapid,0,10,high,,设计者按走廊及旅程数量级给出的首轮估算；未逐班核验，未包含游戏站停靠或边际换乘
e103,s075,s087,山陽本線・鹿児島本線,門司,multi_corridor_abstract,按真实铁路走廊省略中间站；是否换车依选定班次，未承诺一车直达,https://www.jr-odekake.net/railroad/route/files/route_chushikoku.pdf | https://www.jrkyushu.co.jp/railway/routemap/routemap2601.pdf,,2,30,design_estimate_unvalidated,conventional_express_or_rapid,0,4,medium,,设计者按走廊及旅程数量级给出的首轮估算；未逐班核验，未包含游戏站停靠或边际换乘
e104,s071,s077,山陽本線・伯備線・山陰本線,倉敷・新見・伯耆大山,multi_corridor_abstract,按真实铁路走廊省略中间站；是否换车依选定班次，未承诺一车直达,https://www.jr-odekake.net/railroad/route/files/route_chushikoku.pdf,,9,135,design_estimate_unvalidated,conventional_express_or_rapid,0,18,high,,设计者按走廊及旅程数量级给出的首轮估算；未逐班核验，未包含游戏站停靠或边际换乘
e105,s071,s076,山陽本線・智頭急行線・因美線,上郡・智頭,multi_corridor_abstract,途经智头急行；按车次可能换车，不把全段标成JR线,https://www.jr-odekake.net/railroad/route/files/route_chushikoku.pdf | https://japanrailpass.net/en/about_jrp/route/,,8,120,design_estimate_unvalidated,conventional_express_or_rapid,0,16,high,,设计者按走廊及旅程数量级给出的首轮估算；未逐班核验，未包含游戏站停靠或边际换乘
e106,s080,s074,山口線,津和野,single_corridor_abstract,按真实铁路走廊省略中间站；是否换车依选定班次，未承诺一车直达,https://www.jr-odekake.net/railroad/route/files/route_chushikoku.pdf,,7,105,design_estimate_unvalidated,conventional_express_or_rapid,0,14,high,,设计者按走廊及旅程数量级给出的首轮估算；未逐班核验，未包含游戏站停靠或边际换乘
e107,s071,s081,宇野線・本四備讃線・予讃線（瀬戸大橋線系統）,茶屋町・児島・坂出（宇多津手前の接続部経由）,multi_corridor_abstract,按真实铁路走廊省略中间站；高松方向从宇多津手前接续，不把宇多津站列作必经停站,https://www.jr-odekake.net/railroad/route/files/route_chushikoku.pdf,,4,60,design_estimate_unvalidated,conventional_express_or_rapid,0,8,medium,https://www.jr-shikoku.co.jp/01_trainbus/syaryou/marine.shtm,官方车种介绍写冈山至高松平均约55分；原型取4刻60分钟，仅作量级锚点
e108,s071,s082,宇野線・本四備讃線・予讃線,茶屋町・児島・宇多津,multi_corridor_abstract,与冈山—高松边共享实际路段；不可当两条独立跨海桥,https://www.jr-odekake.net/railroad/route/files/route_chushikoku.pdf,,3,45,design_estimate_unvalidated,conventional_express_or_rapid,0,6,medium,,通过濑户大桥；与高松方向共享实轨，但终点与路径分支不同
e109,s081,s082,予讃線,,single_corridor_abstract,按真实铁路走廊省略中间站；是否换车依选定班次，未承诺一车直达,https://www.jr-odekake.net/railroad/route/files/route_chushikoku.pdf,,2,30,design_estimate_unvalidated,conventional_express_or_rapid,0,4,medium,,设计者按走廊及旅程数量级给出的首轮估算；未逐班核验，未包含游戏站停靠或边际换乘
e110,s082,s086,予讃線,,single_corridor_abstract,按真实铁路走廊省略中间站；是否换车依选定班次，未承诺一车直达,https://www.jr-odekake.net/railroad/route/files/route_chushikoku.pdf,,9,135,design_estimate_unvalidated,conventional_express_or_rapid,0,18,high,,四国在来线跨区域长途，保留9刻，不缩为单刻
e111,s082,s083,予讃線・土讃線,多度津,multi_corridor_abstract,按真实铁路走廊省略中间站；是否换车依选定班次，未承诺一车直达,https://www.jr-odekake.net/railroad/route/files/route_chushikoku.pdf,,4,60,design_estimate_unvalidated,conventional_express_or_rapid,0,8,high,,经多度津接入土赞线；本数稀疏等待另行校准
e112,s083,s085,土讃線,,single_corridor_abstract,按真实铁路走廊省略中间站；是否换车依选定班次，未承诺一车直达,https://www.jr-odekake.net/railroad/route/files/route_chushikoku.pdf,,5,75,design_estimate_unvalidated,conventional_express_or_rapid,0,10,high,,土赞线山地走廊，保留5刻
e113,s083,s084,土讃線・徳島線・高徳線,佃・佐古,multi_corridor_abstract,按真实铁路走廊省略中间站；是否换车依选定班次，未承诺一车直达,https://www.jr-odekake.net/railroad/route/files/route_chushikoku.pdf,,6,90,design_estimate_unvalidated,regional_connection,0,12,high,,德岛线在来线量级，保留6刻；不假设高速干线
e114,s081,s084,高徳線,,single_corridor_abstract,按真实铁路走廊省略中间站；是否换车依选定班次，未承诺一车直达,https://www.jr-odekake.net/railroad/route/files/route_chushikoku.pdf,,5,75,design_estimate_unvalidated,conventional_express_or_rapid,0,10,high,,设计者按走廊及旅程数量级给出的首轮估算；未逐班核验，未包含游戏站停靠或边际换乘
e115,s088,s089,九州新幹線,,single_corridor_abstract,按真实铁路走廊省略中间站；是否换车依选定班次，未承诺一车直达,https://www.jrkyushu.co.jp/railway/routemap/routemap2601.pdf,,1,15,design_estimate_unvalidated,shinkansen_corridor,0,2,medium,,设计者按走廊及旅程数量级给出的首轮估算；未逐班核验，未包含游戏站停靠或边际换乘
e116,s089,s090,九州新幹線,,single_corridor_abstract,按真实铁路走廊省略中间站；是否换车依选定班次，未承诺一车直达,https://www.jrkyushu.co.jp/railway/routemap/routemap2601.pdf,,1,15,design_estimate_unvalidated,shinkansen_corridor,0,2,medium,,设计者按走廊及旅程数量级给出的首轮估算；未逐班核验，未包含游戏站停靠或边际换乘
e117,s090,s094,九州新幹線,,single_corridor_abstract,按真实铁路走廊省略中间站；是否换车依选定班次，未承诺一车直达,https://www.jrkyushu.co.jp/railway/routemap/routemap2601.pdf,,2,30,design_estimate_unvalidated,shinkansen_corridor,0,4,medium,,设计者按走廊及旅程数量级给出的首轮估算；未逐班核验，未包含游戏站停靠或边际换乘
e118,s094,s095,九州新幹線,,single_corridor_abstract,按真实铁路走廊省略中间站；是否换车依选定班次，未承诺一车直达,https://www.jrkyushu.co.jp/railway/routemap/routemap2601.pdf,,1,15,design_estimate_unvalidated,shinkansen_corridor,0,2,medium,,设计者按走廊及旅程数量级给出的首轮估算；未逐班核验，未包含游戏站停靠或边际换乘
e119,s095,s096,九州新幹線,,single_corridor_abstract,按真实铁路走廊省略中间站；是否换车依选定班次，未承诺一车直达,https://www.jrkyushu.co.jp/railway/routemap/routemap2601.pdf,,3,45,design_estimate_unvalidated,shinkansen_corridor,0,6,medium,,设计者按走廊及旅程数量级给出的首轮估算；未逐班核验，未包含游戏站停靠或边际换乘
e120,s089,s091,長崎本線,,single_corridor_abstract,按真实铁路走廊省略中间站；是否换车依选定班次，未承诺一车直达,https://www.jrkyushu.co.jp/railway/routemap/routemap2601.pdf,,2,30,design_estimate_unvalidated,conventional_express_or_rapid,0,4,medium,,设计者按走廊及旅程数量级给出的首轮估算；未逐班核验，未包含游戏站停靠或边际换乘
e121,s091,s092,長崎本線・佐世保線,江北・武雄温泉・早岐,multi_corridor_abstract,按真实铁路走廊省略中间站；是否换车依选定班次，未承诺一车直达,https://www.jrkyushu.co.jp/railway/routemap/routemap2601.pdf,,5,75,design_estimate_unvalidated,conventional_express_or_rapid,0,10,high,,设计者按走廊及旅程数量级给出的首轮估算；未逐班核验，未包含游戏站停靠或边际换乘
e122,s091,s093,長崎本線・佐世保線・西九州新幹線,江北・武雄温泉,required_transfer_abstract,采用接力海鸥＋西九州新干线；武雄温泉必须换乘；不是佐贺直达长崎新干线,https://www.jrkyushu.co.jp/railway/routemap/routemap2601.pdf | https://www.jrkyushu.co.jp/company/info/business/project01.html,,5,75,design_estimate_unvalidated,shinkansen_corridor,1,10,high,,共5刻，其中1刻已包含武雄温泉换乘；正式票不能再次加同一换乘刻
e123,s092,s093,佐世保線・大村線・長崎本線,早岐・諫早,multi_corridor_abstract,在来线经大村；按班次可能在早岐或谏早换车,https://www.jrkyushu.co.jp/railway/routemap/routemap2601.pdf,,8,120,design_estimate_unvalidated,regional_connection,1,16,high,,共8刻，其中1刻为早岐/谏早等接续的原型余量；实际换乘依服务方案
e124,s087,s099,日豊本線,,single_corridor_abstract,按真实铁路走廊省略中间站；是否换车依选定班次，未承诺一车直达,https://www.jrkyushu.co.jp/railway/routemap/routemap2601.pdf,,5,75,design_estimate_unvalidated,conventional_express_or_rapid,0,10,high,,设计者按走廊及旅程数量级给出的首轮估算；未逐班核验，未包含游戏站停靠或边际换乘
e125,s099,s098,日豊本線,,single_corridor_abstract,按真实铁路走廊省略中间站；是否换车依选定班次，未承诺一车直达,https://www.jrkyushu.co.jp/railway/routemap/routemap2601.pdf,,1,15,design_estimate_unvalidated,conventional_express_or_rapid,0,2,medium,,设计者按走廊及旅程数量级给出的首轮估算；未逐班核验，未包含游戏站停靠或边际换乘
e126,s098,s097,日豊本線,,single_corridor_abstract,按真实铁路走廊省略中间站；是否换车依选定班次，未承诺一车直达,https://www.jrkyushu.co.jp/railway/routemap/routemap2601.pdf,,12,180,design_estimate_unvalidated,conventional_express_or_rapid,0,24,high,,日丰本线东九州长途，保留12刻
e127,s097,s096,日豊本線・鹿児島本線,隼人・鹿児島,multi_corridor_abstract,按真实铁路走廊省略中间站；是否换车依选定班次，未承诺一车直达,https://www.jrkyushu.co.jp/railway/routemap/routemap2601.pdf,,8,120,design_estimate_unvalidated,conventional_express_or_rapid,0,16,high,,经隼人/鹿儿岛方向的在来线长途，保留8刻
e128,s090,s100,久大本線,,single_corridor_abstract,按真实铁路走廊省略中间站；是否换车依选定班次，未承诺一车直达,https://www.jrkyushu.co.jp/railway/routemap/routemap2601.pdf,,3,45,design_estimate_unvalidated,conventional_express_or_rapid,0,6,high,,设计者按走廊及旅程数量级给出的首轮估算；未逐班核验，未包含游戏站停靠或边际换乘
e129,s100,s098,久大本線,,single_corridor_abstract,按真实铁路走廊省略中间站；是否换车依选定班次，未承诺一车直达,https://www.jrkyushu.co.jp/railway/routemap/routemap2601.pdf,,6,90,design_estimate_unvalidated,conventional_express_or_rapid,0,12,high,,设计者按走廊及旅程数量级给出的首轮估算；未逐班核验，未包含游戏站停靠或边际换乘
e130,s098,s094,豊肥本線,阿蘇,single_corridor_abstract,按真实铁路走廊省略中间站；是否换车依选定班次，未承诺一车直达,https://www.jrkyushu.co.jp/railway/routemap/routemap2601.pdf,,13,195,design_estimate_unvalidated,regional_connection,1,26,high,,共13刻，其中1刻为丰肥本线接续余量；直通观光列车和普通接续不能共用真实时刻声明
e131,s023,s060,卯酉东海道特急,,fictional_direct_service,用户指定幻想服务；东京—京都直达，无中途停靠；双向4刻为设计默认；不冒充现实列车,https://thbwiki.cc/卯酉东海道/附带故事,,4,60,user_defined_fictional_service,hifuu_special_express,0,8,user_fixed_game_value,,2026-09-24用户指定4刻；53分钟是故事背景，游戏采用4×15=60分钟；不加中停或内部接续。
e132,s016,s041,羽越本線・白新線,酒田・鶴岡・村上・新発田,multi_corridor_abstract,按羽越本线、白新线连接秋田与新潟；省略未收录中间站；具体换乘依班次,https://www.jreast.co.jp/train/express/inaho_shirayuki.html,,16,240,design_estimate_unvalidated,conventional_express_or_rapid,0,32,high,https://www.jreast.co.jp/train/express/inaho_shirayuki.html,用户新增日本海走廊；4小时为游戏估算，非现实具体班次时长；不额外增加中间游戏站点
