id,name,region,corridor
"s001","札幌","北海道","道南・道央・道北・道東"
"s002","新函館北斗","北海道","道南・道央・道北・道東"
"s003","函館","北海道","道南・道央・道北・道東"
"s004","長万部","北海道","道南・道央・道北・道東"
"s005","南千歳","北海道","道南・道央・道北・道東"
"s006","旭川","北海道","道南・道央・道北・道東"
"s007","稚内","北海道","道南・道央・道北・道東"
"s008","網走","北海道","道南・道央・道北・道東"
"s009","帯広","北海道","道南・道央・道北・道東"
"s010","釧路","北海道","道南・道央・道北・道東"
"s011","新青森","东北","東北新幹線・奥羽・秋田・山形・常磐"
"s012","青森","东北","東北新幹線・奥羽・秋田・山形・常磐"
"s013","弘前","东北","東北新幹線・奥羽・秋田・山形・常磐"
"s014","八戸","东北","東北新幹線・奥羽・秋田・山形・常磐"
"s015","盛岡","东北","東北新幹線・奥羽・秋田・山形・常磐"
"s016","秋田","东北","東北新幹線・奥羽・秋田・山形・常磐"
"s017","大館","东北","東北新幹線・奥羽・秋田・山形・常磐"
"s018","仙台","东北","東北新幹線・奥羽・秋田・山形・常磐"
"s019","山形","东北","東北新幹線・奥羽・秋田・山形・常磐"
"s020","福島","东北","東北新幹線・奥羽・秋田・山形・常磐"
"s021","郡山","东北","東北新幹線・奥羽・秋田・山形・常磐"
"s022","いわき","东北","東北新幹線・奥羽・秋田・山形・常磐"
"s023","東京","关东","首都圏・東北/上越分岐・常磐・総武・東海道"
"s024","上野","关东","首都圏・東北/上越分岐・常磐・総武・東海道"
"s025","新宿","关东","首都圏・東北/上越分岐・常磐・総武・東海道"
"s026","大宮","关东","首都圏・東北/上越分岐・常磐・総武・東海道"
"s027","高崎","关东","首都圏・東北/上越分岐・常磐・総武・東海道"
"s028","宇都宮","关东","首都圏・東北/上越分岐・常磐・総武・東海道"
"s029","水戸","关东","首都圏・東北/上越分岐・常磐・総武・東海道"
"s030","千葉","关东","首都圏・東北/上越分岐・常磐・総武・東海道"
"s031","成田","关东","首都圏・東北/上越分岐・常磐・総武・東海道"
"s032","横浜","关东","首都圏・東北/上越分岐・常磐・総武・東海道"
"s033","新横浜","关东","首都圏・東北/上越分岐・常磐・総武・東海道"
"s034","小田原","关东","首都圏・東北/上越分岐・常磐・総武・東海道"
"s035","品川","关东","首都圏・東北/上越分岐・常磐・総武・東海道"
"s036","甲府","甲信越北陆","中央・信越・上越/北陸新幹線"
"s037","松本","甲信越北陆","中央・信越・上越/北陸新幹線"
"s038","塩尻","甲信越北陆","中央・信越・上越/北陸新幹線"
"s039","長野","甲信越北陆","中央・信越・上越/北陸新幹線"
"s040","軽井沢","甲信越北陆","中央・信越・上越/北陸新幹線"
"s041","新潟","甲信越北陆","中央・信越・上越/北陸新幹線"
"s042","長岡","甲信越北陆","中央・信越・上越/北陸新幹線"
"s043","越後湯沢","甲信越北陆","中央・信越・上越/北陸新幹線"
"s044","上越妙高","甲信越北陆","中央・信越・上越/北陸新幹線"
"s045","糸魚川","甲信越北陆","中央・信越・上越/北陸新幹線"
"s046","富山","甲信越北陆","中央・信越・上越/北陸新幹線"
"s047","金沢","甲信越北陆","中央・信越・上越/北陸新幹線"
"s048","福井","甲信越北陆","中央・信越・上越/北陸新幹線"
"s049","敦賀","甲信越北陆","中央・信越・上越/北陸新幹線"
"s050","熱海","东海","東海道・高山・紀勢"
"s051","三島","东海","東海道・高山・紀勢"
"s052","静岡","东海","東海道・高山・紀勢"
"s053","浜松","东海","東海道・高山・紀勢"
"s054","豊橋","东海","東海道・高山・紀勢"
"s055","名古屋","东海","東海道・高山・紀勢"
"s056","岐阜","东海","東海道・高山・紀勢"
"s057","高山","东海","東海道・高山・紀勢"
"s058","津","东海","東海道・高山・紀勢"
"s059","米原","近畿","東海道/山陽・京阪神・山陰・紀勢"
"s060","京都","近畿","東海道/山陽・京阪神・山陰・紀勢"
"s061","新大阪","近畿","東海道/山陽・京阪神・山陰・紀勢"
"s062","大阪","近畿","東海道/山陽・京阪神・山陰・紀勢"
"s063","奈良","近畿","東海道/山陽・京阪神・山陰・紀勢"
"s064","天王寺","近畿","東海道/山陽・京阪神・山陰・紀勢"
"s065","和歌山","近畿","東海道/山陽・京阪神・山陰・紀勢"
"s066","姫路","近畿","東海道/山陽・京阪神・山陰・紀勢"
"s067","新神戸","近畿","東海道/山陽・京阪神・山陰・紀勢"
"s068","福知山","近畿","東海道/山陽・京阪神・山陰・紀勢"
"s069","城崎温泉","近畿","東海道/山陽・京阪神・山陰・紀勢"
"s070","新宮","近畿","東海道/山陽・京阪神・山陰・紀勢"
"s071","岡山","中国","山陽・山陰・伯備・山口"
"s072","福山","中国","山陽・山陰・伯備・山口"
"s073","広島","中国","山陽・山陰・伯備・山口"
"s074","新山口","中国","山陽・山陰・伯備・山口"
"s075","下関","中国","山陽・山陰・伯備・山口"
"s076","鳥取","中国","山陽・山陰・伯備・山口"
"s077","米子","中国","山陽・山陰・伯備・山口"
"s078","松江","中国","山陽・山陰・伯備・山口"
"s079","出雲市","中国","山陽・山陰・伯備・山口"
"s080","益田","中国","山陽・山陰・伯備・山口"
"s081","高松","四国","瀬戸大橋・予讃・土讃・高徳・徳島"
"s082","丸亀","四国","瀬戸大橋・予讃・土讃・高徳・徳島"
"s083","阿波池田","四国","瀬戸大橋・予讃・土讃・高徳・徳島"
"s084","徳島","四国","瀬戸大橋・予讃・土讃・高徳・徳島"
"s085","高知","四国","瀬戸大橋・予讃・土讃・高徳・徳島"
"s086","松山","四国","瀬戸大橋・予讃・土讃・高徳・徳島"
"s087","小倉","九州","山陽/九州/西九州・日豊・久大・豊肥"
"s088","博多","九州","山陽/九州/西九州・日豊・久大・豊肥"
"s089","新鳥栖","九州","山陽/九州/西九州・日豊・久大・豊肥"
"s090","久留米","九州","山陽/九州/西九州・日豊・久大・豊肥"
"s091","佐賀","九州","山陽/九州/西九州・日豊・久大・豊肥"
"s092","佐世保","九州","山陽/九州/西九州・日豊・久大・豊肥"
"s093","長崎","九州","山陽/九州/西九州・日豊・久大・豊肥"
"s094","熊本","九州","山陽/九州/西九州・日豊・久大・豊肥"
"s095","新八代","九州","山陽/九州/西九州・日豊・久大・豊肥"
"s096","鹿児島中央","九州","山陽/九州/西九州・日豊・久大・豊肥"
"s097","宮崎","九州","山陽/九州/西九州・日豊・久大・豊肥"
"s098","大分","九州","山陽/九州/西九州・日豊・久大・豊肥"
"s099","別府","九州","山陽/九州/西九州・日豊・久大・豊肥"
"s100","日田","九州","山陽/九州/西九州・日豊・久大・豊肥"
